{"cameraMode":{"drawMode":0,"name":"Shaded","section":"Shading Mode"},"sceneLighting":false,"audioPlay":false,"sceneViewState":{"showFog":true,"showMaterialUpdate":false,"showSkybox":false,"showFlares":true,"showImageEffects":true,"showParticleSystems":true},"in2DMode":false,"pivot":{"x":2.1502952575683595,"y":-2.0380706787109377,"z":-4.941436767578125},"rotation":{"x":-0.2594766616821289,"y":0.1504809707403183,"z":-0.040968868881464007,"w":-0.9530748724937439},"size":2.6888351440429689,"orthographic":false}